Liked;hilangkan_kapital;Review_clean_V2
1;wow loved this place;wow loved place
0;crust is not good;crust good
0;not tasty and the texture was just nasty;tasty texture nasty
1;stopped by during the late may bank holiday off rick steve recommendation and loved it;stopped late may bank holiday rick steve recommendation loved
1;the selection on the menu was great and so were the prices;selection menu great prices
0;now i am getting angry and i want my damn pho;getting angry want damn pho
0;honeslty it didn t taste that fresh;honeslty taste fresh
0;the potatoes were like rubber and you could tell they had been made up ahead of time being kept under a warmer;potatoes like rubber could tell made ahead time kept warmer
1;the fries were great too;fries great
1;a great touch;great touch
1;service was very prompt;service prompt
0;would not go back;would go back
0;the cashier had no care what so ever on what i had to say it still ended up being wayyy overpriced;cashier care ever say still ended wayyy overpriced
1;i tried the cape cod ravoli chicken with cranberry mmmm;tried cape cod ravoli chicken cranberry mmmm
0;i was disgusted because i was pretty sure that was human hair;disgusted pretty sure human hair
0;i was shocked because no signs indicate cash only;shocked signs indicate cash
1;highly recommended;highly recommended
0;waitress was a little slow in service;waitress little slow service
0;this place is not worth your time let alone vegas;place worth time let alone vegas
0;did not like at all;like
0;the burrittos blah;burrittos blah
1;the food amazing;food amazing
1;service is also cute;service also cute
1;i could care less the interior is just beautiful;could care less interior beautiful
1;so they performed;performed
1;that s right the red velvet cake ohhh this stuff is so good;right red velvet cake ohhh stuff good
0;they never brought a salad we asked for;never brought salad asked
1;this hole in the wall has great mexican street tacos and friendly staff;hole wall great mexican street tacos friendly staff
0;took an hour to get our food only tables in restaurant my food was luke warm our sever was running around like he was totally overwhelmed;took hour get food tables restaurant food luke warm sever running around like totally overwhelmed
0;the worst was the salmon sashimi;worst salmon sashimi
1;also there are combos like a burger fries and beer for which is a decent deal;also combos like burger fries beer decent deal
0;this was like the final blow;like final blow
1;i found this place by accident and i could not be happier;found place accident could happier
0;seems like a good quick place to grab a bite of some familiar pub food but do yourself a favor and look elsewhere;seems like good quick place grab bite familiar pub food favor look elsewhere
1;overall i like this place a lot;overall like place lot
1;the only redeeming quality of the restaurant was that it was very inexpensive;redeeming quality restaurant inexpensive
1;ample portions and good prices;ample portions good prices
0;poor service the waiter made me feel like i was stupid every time he came to the table;poor service waiter made feel like stupid every time came table
1;my first visit to hiro was a delight;first visit hiro delight
0;service sucks;service sucks
1;the shrimp tender and moist;shrimp tender moist
0;there is not a deal good enough that would drag me into that establishment again;deal good enough would drag establishment
0;hard to judge whether these sides were good because we were grossed out by the melted styrofoam and didn t want to eat it for fear of getting sick;hard judge whether sides good grossed melted styrofoam want eat fear getting sick
1;on a positive note our server was very attentive and provided great service;positive note server attentive provided great service
0;frozen pucks of disgust with some of the worst people behind the register;frozen pucks disgust worst people behind register
1;the only thing i did like was the prime rib and dessert section;thing like prime rib dessert section
0;it s too bad the food is so damn generic;bad food damn generic
1;the burger is good beef cooked just right;burger good beef cooked right
1;if you want a sandwich just go to any firehouse;want sandwich go firehouse
1;my side greek salad with the greek dressing was so tasty and the pita and hummus was very refreshing;side greek salad greek dressing tasty pita hummus refreshing
1;we ordered the duck rare and it was pink and tender on the inside with a nice char on the outside;ordered duck rare pink tender inside nice char outside
1;he came running after us when he realized my husband had left his sunglasses on the table;came running us realized husband left sunglasses table
1;their chow mein is so good;chow mein good
0;they have horrible attitudes towards customers and talk down to each one when customers don t enjoy their food;horrible attitudes towards customers talk one customers enjoy food
1;the portion was huge;portion huge
1;loved it friendly servers great food wonderful and imaginative menu;loved friendly servers great food wonderful imaginative menu
0;the heart attack grill in downtown vegas is an absolutely flat lined excuse for a restaurant;heart attack grill downtown vegas absolutely flat lined excuse restaurant
0;not much seafood and like strings of pasta at the bottom;much seafood like strings pasta bottom
1;the salad had just the right amount of sauce to not over power the scallop which was perfectly cooked;salad right amount sauce power scallop perfectly cooked
0;the ripped banana was not only ripped but petrified and tasteless;ripped banana ripped petrified tasteless
0;at least think to refill my water before i struggle to wave you over for minutes;least think refill water struggle wave minutes
1;this place receives stars for their appetizers;place receives stars appetizers
1;the cocktails are all handmade and delicious;cocktails handmade delicious
1;we d definitely go back here again;definitely go back
1;we are so glad we found this place;glad found place
1;great food and service huge portions and they give a military discount;great food service huge portions give military discount
1;always a great time at dos gringos;always great time dos gringos
1;update went back for a second time and it was still just as amazing;update went back second time still amazing
0;we got the food and apparently they have never heard of salt and the batter on the fish was chewy;got food apparently never heard salt batter fish chewy
1;a great way to finish a great;great way finish great
1;the deal included tastings and drinks and jeff went above and beyond what we expected;deal included tastings drinks jeff went beyond expected
1;really really good rice all the time;really really good rice time
0;the service was meh;service meh
0;it took over min to get their milkshake which was nothing more than chocolate milk;took min get milkshake nothing chocolate milk
0;i guess i should have known that this place would suck because it is inside of the excalibur but i didn t use my common sense;guess known place would suck inside excalibur use common sense
0;the scallop dish is quite appalling for value as well;scallop dish quite appalling value well
0;times very bad customer service;times bad customer service
1;the sweet potato fries were very good and seasoned well;sweet potato fries good seasoned well
1;today is the second time i ve been to their lunch buffet and it was pretty good;today second time lunch buffet pretty good
0;there is so much good food in vegas that i feel cheated for wasting an eating opportunity by going to rice and company;much good food vegas feel cheated wasting eating opportunity going rice company
0;coming here is like experiencing an underwhelming relationship where both parties can t wait for the other person to ask to break up;coming like experiencing underwhelming relationship parties wait person ask break
0;walked in and the place smelled like an old grease trap and only others there eating;walked place smelled like old grease trap others eating
0;the turkey and roast beef were bland;turkey roast beef bland
1;this place has it;place
0;the pan cakes everyone are raving about taste like a sugary disaster tailored to the palate of a six year old;pan cakes everyone raving taste like sugary disaster tailored palate six year old
1;i love the pho and the spring rolls oh so yummy you have to try;love pho spring rolls oh yummy try
0;the poor batter to meat ratio made the chicken tenders very unsatisfying;poor batter meat ratio made chicken tenders unsatisfying
1;all i have to say is the food was amazing;say food amazing
1;omelets are to die for;omelets die
1;everything was fresh and delicious;everything fresh delicious
0;in summary this was a largely disappointing dining experience;summary largely disappointing dining experience
1;it s like a really sexy party in your mouth where you re outrageously flirting with the hottest person at the party;like really sexy party mouth outrageously flirting hottest person party
0;never been to hard rock casino before will never ever step forward in it again;never hard rock casino never ever step forward
1;best breakfast buffet;best breakfast buffet
0;say bye bye to your tip lady;say bye bye tip lady
0;we ll never go again;never go
1;will be back again;back
1;food arrived quickly;food arrived quickly
0;it was not good;good
1;on the up side their cafe serves really good food;side cafe serves really good food
1;our server was fantastic and when he found out the wife loves roasted garlic and bone marrow he added extra to our meal and another marrow to go;server fantastic found wife loves roasted garlic bone marrow added extra meal another marrow go
1;the only good thing was our waiter he was very helpful and kept the bloddy mary s coming;good thing waiter helpful kept bloddy mary coming
1;best buffet in town for the price you cannot beat it;best buffet town price beat
1;i loved their mussels cooked in this wine reduction the duck was tender and their potato dishes were delicious;loved mussels cooked wine reduction duck tender potato dishes delicious
1;this is one of the better buffets that i have been to;one better buffets
1;so we went to tigerlilly and had a fantastic afternoon;went tigerlilly fantastic afternoon
1;the food was delicious our bartender was attentive and personable and we got a great deal;food delicious bartender attentive personable got great deal
1;the ambience is wonderful and there is music playing;ambience wonderful music playing
1;will go back next trip out;go back next trip
1;sooooo good;sooooo good
0;real sushi lovers let s be honest yama is not that good;real sushi lovers let honest yama good
0;at least min passed in between us ordering and the food arriving and it wasn t that busy;least min passed us ordering food arriving busy
1;this is a really fantastic thai restaurant which is definitely worth a visit;really fantastic thai restaurant definitely worth visit
1;nice spicy and tender;nice spicy tender
1;good prices;good prices
1;check it out;check
0;it was pretty gross;pretty gross
0;i ve had better atmosphere;better atmosphere
0;kind of hard to mess up a steak but they did;kind hard mess steak
0;although i very much liked the look and sound of this place the actual experience was a bit disappointing;although much liked look sound place actual experience bit disappointing
0;i just don t know how this place managed to served the blandest food i have ever eaten when they are preparing indian cuisine;know place managed served blandest food ever eaten preparing indian cuisine
0;worst service to boot but that is the least of their worries;worst service boot least worries
1;service was fine and the waitress was friendly;service fine waitress friendly
1;the guys all had steaks and our steak loving son who has had steak at the best and worst places said it was the best steak he s ever eaten;guys steaks steak loving son steak best worst places said best steak ever eaten
1;we thought you d have to venture further away to get good sushi but this place really hit the spot that night;thought venture away get good sushi place really hit spot night
0;host staff were for lack of a better word bitches;host staff lack better word bitches
0;bland not a liking this place for a number of reasons and i don t want to waste time on bad reviewing i ll leave it at that;bland liking place number reasons want waste time bad reviewing leave
1;phenomenal food service and ambiance;phenomenal food service ambiance
0;i wouldn t return;return
1;definitely worth venturing off the strip for the pork belly will return next time i m in vegas;definitely worth venturing strip pork belly return next time vegas
0;this place is way too overpriced for mediocre food;place way overpriced mediocre food
1;penne vodka excellent;penne vodka excellent
1;they have a good selection of food including a massive meatloaf sandwich a crispy chicken wrap a delish tuna melt and some tasty burgers;good selection food including massive meatloaf sandwich crispy chicken wrap delish tuna melt tasty burgers
0;the management is rude;management rude
1;delicious nyc bagels good selections of cream cheese real lox with capers even;delicious nyc bagels good selections cream cheese real lox capers even
1;great subway in fact it s so good when you come here every other subway will not meet your expectations;great subway fact good come every subway meet expectations
1;i had a seriously solid breakfast here;seriously solid breakfast
1;this is one of the best bars with food in vegas;one best bars food vegas
0;he was extremely rude and really there are so many other restaurants i would love to dine at during a weekend in vegas;extremely rude really many restaurants would love dine weekend vegas
1;my drink was never empty and he made some really great menu suggestions;drink never empty made really great menu suggestions
0;don t do it;
0;the waiter wasn t helpful or friendly and rarely checked on us;waiter helpful friendly rarely checked us
0;my husband and i ate lunch here and were very disappointed with the food and service;husband ate lunch disappointed food service
0;and the red curry had so much bamboo shoots and wasn t very tasty to me;red curry much bamboo shoots tasty
1;nice blanket of moz over top but i feel like this was done to cover up the subpar food;nice blanket moz top feel like done cover subpar food
1;the bathrooms are clean and the place itself is well decorated;bathrooms clean place well decorated
0;the menu is always changing food quality is going down service is extremely slow;menu always changing food quality going service extremely slow
0;the service was a little slow considering that were served by people servers so the food was coming in a slow pace;service little slow considering served people servers food coming slow pace
0;i give it thumbs down;give thumbs
0;we watched our waiter pay a lot more attention to other tables and ignore us;watched waiter pay lot attention tables ignore us
1;my fianc and i came in the middle of the day and we were greeted and seated right away;fianc came middle day greeted seated right away
1;this is a great restaurant at the mandalay bay;great restaurant mandalay bay
0;we waited for forty five minutes in vain;waited forty five minutes vain
0;crostini that came with the salad was stale;crostini came salad stale
1;some highlights great quality nigiri here;highlights great quality nigiri
1;the staff is friendly and the joint is always clean;staff friendly joint always clean
1;this was a different cut than the piece the other day but still wonderful and tender s well as well flavored;different cut piece day still wonderful tender well well flavored
1;i ordered the voodoo pasta and it was the first time i d had really excellent pasta since going gluten free several years ago;ordered voodoo pasta first time really excellent pasta since going gluten free several years ago
1;this place is good;place good
0;unfortunately we must have hit the bakery on leftover day because everything we ordered was stale;unfortunately must hit bakery leftover day everything ordered stale
0;i came back today since they relocated and still not impressed;came back today since relocated still impressed
1;i was seated immediately;seated immediately
1;their menu is diverse and reasonably priced;menu diverse reasonably priced
0;avoid at all cost;avoid cost
1;restaurant is always full but never a wait;restaurant always full never wait
1;delicious;delicious
1;this place is hands down one of the best places to eat in the phoenix metro area;place hands one best places eat phoenix metro area
0;so don t go there if you are looking for good food;go looking good food
0;i ve never been treated so bad;never treated bad
1;bacon is hella salty;bacon hella salty
0;we also ordered the spinach and avocado salad the ingredients were sad and the dressing literally had zero taste;also ordered spinach avocado salad ingredients sad dressing literally zero taste
1;this really is how vegas fine dining used to be right down to the menus handed to the ladies that have no prices listed;really vegas fine dining used right menus handed ladies prices listed
1;the waitresses are very friendly;waitresses friendly
1;lordy the khao soi is a dish that is not to be missed for curry lovers;lordy khao soi dish missed curry lovers
1;everything on the menu is terrific and we were also thrilled that they made amazing accommodations for our vegetarian daughter;everything menu terrific also thrilled made amazing accommodations vegetarian daughter
0;perhaps i caught them on an off night judging by the other reviews but i m not inspired to go back;perhaps caught night judging reviews inspired go back
0;the service here leaves a lot to be desired;service leaves lot desired
1;the atmosphere is modern and hip while maintaining a touch of coziness;atmosphere modern hip maintaining touch coziness
1;not a weekly haunt but definitely a place to come back to every once in a while;weekly haunt definitely place come back every
0;we literally sat there for minutes with no one asking to take our order;literally sat minutes one asking take order
0;the burger had absolutely no flavor the meat itself was totally bland the burger was overcooked and there was no charcoal flavor;burger absolutely flavor meat totally bland burger overcooked charcoal flavor
0;i also decided not to send it back because our waitress looked like she was on the verge of having a heart attack;also decided send back waitress looked like verge heart attack
0;i dressed up to be treated so rudely;dressed treated rudely
0;it was probably dirt;probably dirt
1;love this place hits the spot when i want something healthy but not lacking in quantity or flavor;love place hits spot want something healthy lacking quantity flavor
1;i ordered the lemon raspberry ice cocktail which was also incredible;ordered lemon raspberry ice cocktail also incredible
0;the food sucked which we expected but it sucked more than we could have imagined;food sucked expected sucked could imagined
1;interesting decor;interesting decor
1;what i really like there is the crepe station;really like crepe station
1;also were served hot bread and butter and home made potato chips with bacon bits on top very original and very good;also served hot bread butter home made potato chips bacon bits top original good
1;you can watch them preparing the delicious food;watch preparing delicious food
1;both of the egg rolls were fantastic;egg rolls fantastic
0;when my order arrived one of the gyros was missing;order arrived one gyros missing
1;i had a salad with the wings and some ice cream for dessert and left feeling quite satisfied;salad wings ice cream dessert left feeling quite satisfied
0;i m not really sure how joey s was voted best hot dog in the valley by readers of phoenix magazine;really sure joey voted best hot dog valley readers phoenix magazine
1;the best place to go for a tasty bowl of pho;best place go tasty bowl pho
0;the live music on fridays totally blows;live music fridays totally blows
0;i ve never been more insulted or felt disrespected;never insulted felt disrespected
1;very friendly staff;friendly staff
1;it is worth the drive;worth drive
1;i had heard good things about this place but it exceeding every hope i could have dreamed of;heard good things place exceeding every hope could dreamed
1;food was great and so was the serivce;food great serivce
0;the warm beer didn t help;warm beer help
1;great brunch spot;great brunch spot
1;service is friendly and inviting;service friendly inviting
1;very good lunch spot;good lunch spot
0;i ve lived here since and this was the first and last time i ve stepped foot into this place;lived since first last time stepped foot place
0;the worst experience ever;worst experience ever
0;must have been an off night at this place;must night place
1;the sides are delish mixed mushrooms yukon gold puree white corn beateous;sides delish mixed mushrooms yukon gold puree white corn beateous
0;if that bug never showed up i would have given a for sure but on the other side of the wall where this bug was climbing was the kitchen;bug never showed would given sure side wall bug climbing kitchen
0;for about minutes we we re waiting for her salad when we realized that it wasn t coming any time soon;minutes waiting salad realized coming time soon
1;my friend loved the salmon tartar;friend loved salmon tartar
0;won t go back;go back
1;extremely tasty;extremely tasty
1;waitress was good though;waitress good though
0;soggy and not good;soggy good
1;the jamaican mojitos are delicious;jamaican mojitos delicious
0;which are small and not worth the price;small worth price
1;the food is rich so order accordingly;food rich order accordingly
0;the shower area is outside so you can only rinse not take a full shower unless you don t mind being nude for everyone to see;shower area outside rinse take full shower unless mind nude everyone see
0;the service was a bit lacking;service bit lacking
0;lobster bisque bussell sprouts risotto filet all needed salt and pepper and of course there is none at the tables;lobster bisque bussell sprouts risotto filet needed salt pepper course none tables
0;hopefully this bodes for them going out of business and someone who can cook can come in;hopefully bodes going business someone cook come
0;it was either too cold not enough flavor or just bad;either cold enough flavor bad
1;i loved the bacon wrapped dates;loved bacon wrapped dates
1;this is an unbelievable bargain;unbelievable bargain
1;the folks at otto always make us feel so welcome and special;folks otto always make us feel welcome special
0;as for the mains also uninspired;mains also uninspired
1;this is the place where i first had pho and it was amazing;place first pho amazing
1;this wonderful experience made this place a must stop whenever we are in town again;wonderful experience made place must stop whenever town
0;if the food isn t bad enough for you then enjoy dealing with the world s worst annoying drunk people;food bad enough enjoy dealing world worst annoying drunk people
1;very very fun chef;fun chef
0;ordered a double cheeseburger got a single patty that was falling apart picture uploaded yeah still sucks;ordered double cheeseburger got single patty falling apart picture uploaded yeah still sucks
1;great place to have a couple drinks and watch any and all sporting events as the walls are covered with tv s;great place couple drinks watch sporting events walls covered tv
0;if it were possible to give them zero stars they d have it;possible give zero stars
0;the descriptions said yum yum sauce and another said eel sauce yet another said spicy mayo well none of the rolls had sauces on them;descriptions said yum yum sauce another said eel sauce yet another said spicy mayo well none rolls sauces
1;i d say that would be the hardest decision honestly all of m s dishes taste how they are supposed to taste amazing;say would hardest decision honestly dishes taste supposed taste amazing
0;if she had not rolled the eyes we may have stayed not sure if we will go back and try it again;rolled eyes may stayed sure go back try
1;everyone is very attentive providing excellent customer service;everyone attentive providing excellent customer service
0;horrible don t waste your time and money;horrible waste time money
1;now this dish was quite flavourful;dish quite flavourful
0;by this time our side of the restaurant was almost empty so there was no excuse;time side restaurant almost empty excuse
0;it wasn t busy either also the building was freezing cold;busy either also building freezing cold
0;like the other reviewer said you couldn t pay me to eat at this place again;like reviewer said pay eat place
0;drinks took close to minutes to come out at one point;drinks took close minutes come one point
1;seriously flavorful delights folks;seriously flavorful delights folks
1;much better than the other ayce sushi place i went to in vegas;much better ayce sushi place went vegas
1;the lighting is just dark enough to set the mood;lighting dark enough set mood
0;based on the sub par service i received and no effort to show their gratitude for my business i won t be going back;based sub par service received effort show gratitude business going back
1;owner s are really great people;owner really great people
0;there is nothing privileged about working eating there;nothing privileged working eating
1;the greek dressing was very creamy and flavorful;greek dressing creamy flavorful
0;overall i don t think that i would take my parents to this place again because they made most of the similar complaints that i silently felt too;overall think would take parents place made similar complaints silently felt
1;now the pizza itself was good the peanut sauce was very tasty;pizza good peanut sauce tasty
1;we had at our table and the service was pretty fast;table service pretty fast
1;fantastic service here;fantastic service
0;i as well would ve given godfathers zero stars if possible;well would given godfathers zero stars possible
1;they know how to make them here;know make
0;very tough and very short on flavor;tough short flavor
1;i hope this place sticks around;hope place sticks around
0;i have been in more than a few bars in vegas and do not ever recall being charged for tap water;bars vegas ever recall charged tap water
1;the restaurant atmosphere was exquisite;restaurant atmosphere exquisite
1;good service very clean and inexpensive to boot;good service clean inexpensive boot
1;the seafood was fresh and generous in portion;seafood fresh generous portion
1;plus it s only bucks;plus bucks
0;the service was not up to par either;service par either
1;thus far have only visited twice and the food was absolutely delicious each time;thus far visited twice food absolutely delicious time
1;just as good as when i had it more than a year ago;good year ago
0;for a self proclaimed coffee cafe i was wildly disappointed;self proclaimed coffee cafe wildly disappointed
1;the veggitarian platter is out of this world;veggitarian platter world
1;you cant go wrong with any of the food here;cant go wrong food
1;you can t beat that;beat
1;stopped by this place while in madison for the ironman very friendly kind staff;stopped place madison ironman friendly kind staff
1;the chefs were friendly and did a good job;chefs friendly good job
0;i ve had better not only from dedicated boba tea spots but even from jenni pho;better dedicated boba tea spots even jenni pho
1;i liked the patio and the service was outstanding;liked patio service outstanding
1;the goat taco didn t skimp on the meat and wow what flavor;goat taco skimp meat wow flavor
0;i think not again;think
0;i had the mac salad and it was pretty bland so i will not be getting that again;mac salad pretty bland getting
1;i went to bachi burger on a friend s recommendation and was not disappointed;went bachi burger friend recommendation disappointed
0;service stinks here;service stinks
0;i waited and waited;waited waited
0;this place is not quality sushi it is not a quality restaurant;place quality sushi quality restaurant
1;i would definitely recommend the wings as well as the pizza;would definitely recommend wings well pizza
1;great pizza and salads;great pizza salads
0;things that went wrong they burned the saganaki;things went wrong burned saganaki
0;we waited an hour for what was a breakfast i could have done times better at home;waited hour breakfast could done times better home
1;this place is amazing;place amazing
0;i hate to disagree with my fellow yelpers but my husband and i were so disappointed with this place;hate disagree fellow yelpers husband disappointed place
0;waited hours never got either of our pizzas as many other around us who came in later did;waited hours never got either pizzas many around us came later
0;just don t know why they were so slow;know slow
1;the staff is great the food is delish and they have an incredible beer selection;staff great food delish incredible beer selection
0;i live in the neighborhood so i am disappointed i won t be back here because it is a convenient location;live neighborhood disappointed back convenient location
1;i didn t know pulled pork could be soooo delicious;know pulled pork could soooo delicious
1;you get incredibly fresh fish prepared with care;get incredibly fresh fish prepared care
0;before i go in to why i gave a star rating please know that this was my third time eating at bachi burger before writing a review;go gave star rating please know third time eating bachi burger writing review
1;i love the fact that everything on their menu is worth it;love fact everything menu worth
0;never again will i be dining at this place;never dining place
1;the food was excellent and service was very good;food excellent service good
1;good beer drink selection and good food selection;good beer drink selection good food selection
0;please stay away from the shrimp stir fried noodles;please stay away shrimp stir fried noodles
0;the potato chip order was sad i could probably count how many chips were in that box and it was probably around;potato chip order sad could probably count many chips box probably around
0;food was really boring;food really boring
1;good service check;good service check
0;this greedy corporation will never see another dime from me;greedy corporation never see another dime
0;will never ever go back;never ever go back
0;as much as i d like to go back i can t get passed the atrocious service and will never return;much like go back get passed atrocious service never return
1;in the summer you can dine in a charming outdoor patio so very delightful;summer dine charming outdoor patio delightful
1;i did not expect this to be so good;expect good
1;fantastic food;fantastic food
0;she ordered a toasted english muffin that came out untoasted;ordered toasted english muffin came untoasted
1;the food was very good;food good
0;never going back;never going back
1;great food for the price which is very high quality and house made;great food price high quality house made
0;the bus boy on the other hand was so rude;bus boy hand rude
0;by this point my friends and i had basically figured out this place was a joke and didn t mind making it publicly and loudly known;point friends basically figured place joke mind making publicly loudly known
1;back to good bbq lighter fare reasonable pricing and tell the public they are back to the old ways;back good bbq lighter fare reasonable pricing tell public back old ways
1;and considering the two of us left there very full and happy for about you just can t go wrong;considering two us left full happy go wrong
1;all the bread is made in house;bread made house
0;the only downside is the service;downside service
0;also the fries are without a doubt the worst fries i ve ever had;also fries without doubt worst fries ever
1;service was exceptional and food was a good as all the reviews;service exceptional food good reviews
1;a couple of months later i returned and had an amazing meal;couple months later returned amazing meal
1;favorite place in town for shawarrrrrrma;favorite place town shawarrrrrrma
1;the black eyed peas and sweet potatoes unreal;black eyed peas sweet potatoes unreal
1;you won t be disappointed;disappointed
1;they could serve it with just the vinaigrette and it may make for a better overall dish but it was still very good;could serve vinaigrette may make better overall dish still good
0;i go to far too many places and i ve never seen any restaurant that serves a egg breakfast especially for;go far many places never seen restaurant serves egg breakfast especially
0;when my mom and i got home she immediately got sick and she only had a few bites of salad;mom got home immediately got sick bites salad
0;the servers are not pleasant to deal with and they don t always honor pizza hut coupons;servers pleasant deal always honor pizza hut coupons
1;both of them were truly unbelievably good and i am so glad we went back;truly unbelievably good glad went back
1;we had fantastic service and were pleased by the atmosphere;fantastic service pleased atmosphere
0;everything was gross;everything gross
1;i love this place;love place
1;great service and food;great service food
0;first the bathrooms at this location were dirty seat covers were not replenished just plain yucky;first bathrooms location dirty seat covers replenished plain yucky
0;the burger i got the gold standard a burger and was kind of disappointed;burger got gold standard burger kind disappointed
1;omg the food was delicioso;omg food delicioso
0;there is nothing authentic about this place;nothing authentic place
0;the spaghetti is nothing special whatsoever;spaghetti nothing special whatsoever
1;of all the dishes the salmon was the best but all were great;dishes salmon best great
1;the vegetables are so fresh and the sauce feels like authentic thai;vegetables fresh sauce feels like authentic thai
1;it s worth driving up from tucson;worth driving tucson
0;the selection was probably the worst i ve seen in vegas there was none;selection probably worst seen vegas none
1;pretty good beer selection too;pretty good beer selection
1;this place is like chipotle but better;place like chipotle better
1;classy warm atmosphere fun and fresh appetizers succulent steaks baseball steak;classy warm atmosphere fun fresh appetizers succulent steaks baseball steak
1;stars for the brick oven bread app;stars brick oven bread app
1;i have eaten here multiple times and each time the food was delicious;eaten multiple times time food delicious
0;we sat another ten minutes and finally gave up and left;sat another ten minutes finally gave left
0;he was terrible;terrible
1;everyone is treated equally special;everyone treated equally special
0;it shouldn t take min for pancakes and eggs;take min pancakes eggs
1;it was delicious;delicious
1;on the good side the staff was genuinely pleasant and enthusiastic a real treat;good side staff genuinely pleasant enthusiastic real treat
0;sadly gordon ramsey s steak is a place we shall sharply avoid during our next trip to vegas;sadly gordon ramsey steak place shall sharply avoid next trip vegas
1;as always the evening was wonderful and the food delicious;always evening wonderful food delicious
1;best fish i ve ever had in my life;best fish ever life
1;the bathroom is just next door and very nice;bathroom next door nice
0;the buffet is small and all the food they offered was bland;buffet small food offered bland
1;this is an outstanding little restaurant with some of the best food i have ever tasted;outstanding little restaurant best food ever tasted
1;pretty cool i would say;pretty cool would say
0;definitely a turn off for me i doubt i ll be back unless someone else is buying;definitely turn doubt back unless someone else buying
1;server did a great job handling our large rowdy table;server great job handling large rowdy table
0;i find wasting food to be despicable but this just wasn t food;find wasting food despicable food
0;my wife had the lobster bisque soup which was lukewarm;wife lobster bisque soup lukewarm
1;would come back again if i had a sushi craving while in vegas;would come back sushi craving vegas
1;the staff are great the ambiance is great;staff great ambiance great
1;he deserves stars;deserves stars
0;i left with a stomach ache and felt sick the rest of the day;left stomach ache felt sick rest day
0;they dropped more than the ball;dropped ball
1;the dining space is tiny but elegantly decorated and comfortable;dining space tiny elegantly decorated comfortable
1;they will customize your order any way you d like my usual is eggplant with green bean stir fry love it;customize order way like usual eggplant green bean stir fry love
0;and the beans and rice were mediocre at best;beans rice mediocre best
1;best tacos in town by far;best tacos town far
0;i took back my money and got outta there;took back money got outta
1;in an interesting part of town this place is amazing;interesting part town place amazing
0;rude inconsiderate management;rude inconsiderate management
0;the staff are now not as friendly the wait times for being served are horrible no one even says hi for the first minutes;staff friendly wait times served horrible one even says hi first minutes
0;i won t be back;back
1;they have great dinners;great dinners
1;the service was outshining i definitely recommend the halibut;service outshining definitely recommend halibut
0;the food was terrible;food terrible
0;will never ever go back and have told many people what had happened;never ever go back told many people happened
0;i don t recommend unless your car breaks down in front of it and you are starving;recommend unless car breaks front starving
1;i will come back here every time i m in vegas;come back every time vegas
0;this place deserves one star and has to do with the food;place deserves one star food
0;this is a disgrace;disgrace
1;def coming back to bowl next time;def coming back bowl next time
1;if you want healthy authentic or ethic food try this place;want healthy authentic ethic food try place
1;i will continue to come here on ladies night andddd date night highly recommend this place to anyone who is in the area;continue come ladies night andddd date night highly recommend place anyone area
1;i have been here several times in the past and the experience has always been great;several times past experience always great
1;we walked away stuffed and happy about our first vegas buffet experience;walked away stuffed happy first vegas buffet experience
1;service was excellent and prices are pretty reasonable considering this is vegas and located inside the crystals shopping mall by aria;service excellent prices pretty reasonable considering vegas located inside crystals shopping mall aria
1;to summarize the food was incredible nay transcendant but nothing brings me joy quite like the memory of the pneumatic condiment dispenser;summarize food incredible nay transcendant nothing brings joy quite like memory pneumatic condiment dispenser
0;i m probably one of the few people to ever go to ians and not like it;probably one people ever go ians like
1;kids pizza is always a hit too with lots of great side dish options for the kiddos;kids pizza always hit lots great side dish options kiddos
1;service is perfect and the family atmosphere is nice to see;service perfect family atmosphere nice see
1;cooked to perfection and the service was impeccable;cooked perfection service impeccable
0;this one is simply a disappointment;one simply disappointment
0;overall i was very disappointed with the quality of food at bouchon;overall disappointed quality food bouchon
0;i don t have to be an accountant to know i m getting screwed;accountant know getting screwed
1;great place to eat reminds me of the little mom and pop shops in the san francisco bay area;great place eat reminds little mom pop shops san francisco bay area
1;today was my first taste of a buldogis gourmet hot dog and i have to tell you it was more than i ever thought possible;today first taste buldogis gourmet hot dog tell ever thought possible
0;left very frustrated;left frustrated
1;i ll definitely be in soon again;definitely soon
1;food was really good and i got full petty fast;food really good got full petty fast
1;service was fantastic;service fantastic
0;total waste of time;total waste time
1;i don t know what kind it is but they have the best iced tea;know kind best iced tea
1;come hungry leave happy and stuffed;come hungry leave happy stuffed
0;for service i give them no stars;service give stars
1;i can assure you that you won t be disappointed;assure disappointed
0;i can take a little bad service but the food sucks;take little bad service food sucks
0;gave up trying to eat any of the crust teeth still sore;gave trying eat crust teeth still sore
0;but now i was completely grossed out;completely grossed
1;i really enjoyed eating here;really enjoyed eating
1;first time going but i think i will quickly become a regular;first time going think quickly become regular
1;our server was very nice and even though he looked a little overwhelmed with all of our needs he stayed professional and friendly until the end;server nice even though looked little overwhelmed needs stayed professional friendly end
1;from what my dinner companions told me everything was very fresh with nice texture and taste;dinner companions told everything fresh nice texture taste
0;on the ground right next to our table was a large smeared been stepped in and tracked everywhere pile of green bird poop;ground right next table large smeared stepped tracked everywhere pile green bird poop
0;furthermore you can t even find hours of operation on the website;furthermore even find hours operation website
0;we ve tried to like this place but after times i think we re done with them;tried like place times think done
0;what a mistake that was;mistake
1;no complaints;complaints
1;this is some seriously good pizza and i m an expert connisseur on the topic;seriously good pizza expert connisseur topic
0;waiter was a jerk;waiter jerk
0;strike who wants to be rushed;strike wants rushed
1;these are the nicest restaurant owners i ve ever come across;nicest restaurant owners ever come across
0;i never come again;never come
1;we loved the biscuits;loved biscuits
1;service is quick and friendly;service quick friendly
0;ordered an appetizer and took minutes and then the pizza another minutes;ordered appetizer took minutes pizza another minutes
1;so absolutley fantastic;absolutley fantastic
0;it was a huge awkward lb piece of cow that was ths gristle and fat;huge awkward lb piece cow ths gristle fat
1;definitely will come back here again;definitely come back
1;i like steiners because it s dark and it feels like a bar;like steiners dark feels like bar
1;wow very spicy but delicious;wow spicy delicious
1;if you re not familiar check it out;familiar check
0;i ll take my business dinner dollars elsewhere;take business dinner dollars elsewhere
1;i d love to go back;love go back
1;anyway this fs restaurant has a wonderful breakfast lunch;anyway fs restaurant wonderful breakfast lunch
0;nothing special;nothing special
1;each day of the week they have a different deal and it s all so delicious;day week different deal delicious
1;not to mention the combination of pears almonds and bacon is a big winner;mention combination pears almonds bacon big winner
0;will not be back;back
0;sauce was tasteless;sauce tasteless
1;the food is delicious and just spicy enough so be sure to ask for spicier if you prefer it that way;food delicious spicy enough sure ask spicier prefer way
1;my ribeye steak was cooked perfectly and had great mesquite flavor;ribeye steak cooked perfectly great mesquite flavor
0;i don t think we ll be going back anytime soon;think going back anytime soon
1;food was so gooodd;food gooodd
0;i am far from a sushi connoisseur but i can definitely tell the difference between good food and bad food and this was certainly bad food;far sushi connoisseur definitely tell difference good food bad food certainly bad food
0;i was so insulted;insulted
0;the last times i had lunch here has been bad;last times lunch bad
0;the chicken wings contained the driest chicken meat i have ever eaten;chicken wings contained driest chicken meat ever eaten
1;the food was very good and i enjoyed every mouthful an enjoyable relaxed venue for couples small family groups etc;food good enjoyed every mouthful enjoyable relaxed venue couples small family groups etc
1;nargile i think you are great;nargile think great
1;best tater tots in the southwest;best tater tots southwest
1;we loved the place;loved place
0;definitely not worth the i paid;definitely worth paid
1;the vanilla ice cream was creamy and smooth while the profiterole choux pastry was fresh enough;vanilla ice cream creamy smooth profiterole choux pastry fresh enough
1;im in az all the time and now have my new spot;im az time new spot
0;the manager was the worst;manager worst
1;the inside is really quite nice and very clean;inside really quite nice clean
1;the food was outstanding and the prices were very reasonable;food outstanding prices reasonable
0;i don t think i ll be running back to carly s anytime soon for food;think running back carly anytime soon food
0;this is was due to the fact that it took minutes to be acknowledged then another minutes to get our food and they kept forgetting things;due fact took minutes acknowledged another minutes get food kept forgetting things
1;love the margaritas too;love margaritas
1;this was my first and only vegas buffet and it did not disappoint;first vegas buffet disappoint
1;very good though;good though
0;the one down note is the ventilation could use some upgrading;one note ventilation could use upgrading
1;great pork sandwich;great pork sandwich
0;don t waste your time here;waste time
0;total letdown i would much rather just go to the camelback flower shop and cartel coffee;total letdown would much rather go camelback flower shop cartel coffee
0;third the cheese on my friend s burger was cold;third cheese friend burger cold
1;we enjoy their pizza and brunch;enjoy pizza brunch
1;the steaks are all well trimmed and also perfectly cooked;steaks well trimmed also perfectly cooked
1;we had a group of when we claimed we would only have and they handled us beautifully;group claimed would handled us beautifully
1;i loved it;loved
0;we asked for the bill to leave without eating and they didn t bring that either;asked bill leave without eating bring either
1;this place is a jewel in las vegas and exactly what i ve been hoping to find in nearly ten years living here;place jewel las vegas exactly hoping find nearly ten years living
0;seafood was limited to boiled shrimp and crab legs but the crab legs definitely did not taste fresh;seafood limited boiled shrimp crab legs crab legs definitely taste fresh
0;the selection of food was not the best;selection food best
1;delicious and i will absolutely be back;delicious absolutely back
1;this isn t a small family restaurant this is a fine dining establishment;small family restaurant fine dining establishment
1;they had a toro tartare with a cavier that was extraordinary and i liked the thinly sliced wagyu with white truffle;toro tartare cavier extraordinary liked thinly sliced wagyu white truffle
0;i dont think i will be back for a very long time;dont think back long time
0;it was attached to a gas station and that is rarely a good sign;attached gas station rarely good sign
1;how awesome is that;awesome
1;i will be back many times soon;back many times soon
1;the menu had so much good stuff on it i could not decide;menu much good stuff could decide
0;worse of all he humiliated his worker right in front of me bunch of horrible name callings;worse humiliated worker right front bunch horrible name callings
1;conclusion very filling meals;conclusion filling meals
1;their daily specials are always a hit with my group;daily specials always hit group
0;and then tragedy struck;tragedy struck
1;the pancake was also really good and pretty large at that;pancake also really good pretty large
1;this was my first crawfish experience and it was delicious;first crawfish experience delicious
1;their monster chicken fried steak and eggs is my all time favorite;monster chicken fried steak eggs time favorite
1;waitress was sweet and funny;waitress sweet funny
1;i also had to taste my mom s multi grain pumpkin pancakes with pecan butter and they were amazing fluffy and delicious;also taste mom multi grain pumpkin pancakes pecan butter amazing fluffy delicious
0;i d rather eat airline food seriously;rather eat airline food seriously
1;cant say enough good things about this place;cant say enough good things place
1;the ambiance was incredible;ambiance incredible
1;the waitress and manager are so friendly;waitress manager friendly
0;i would not recommend this place;would recommend place
0;overall i wasn t very impressed with noca;overall impressed noca
0;my gyro was basically lettuce only;gyro basically lettuce
0;terrible service;terrible service
0;thoroughly disappointed;thoroughly disappointed
1;i don t each much pasta but i love the homemade hand made pastas and thin pizzas here;much pasta love homemade hand made pastas thin pizzas
1;give it a try you will be happy you did;give try happy
1;by far the best cheesecurds we have ever had;far best cheesecurds ever
1;reasonably priced also;reasonably priced also
1;everything was perfect the night we were in;everything perfect night
1;the food is very good for your typical bar food;food good typical bar food
0;it was a drive to get there;drive get
1;at first glance it is a lovely bakery cafe nice ambiance clean friendly staff;first glance lovely bakery cafe nice ambiance clean friendly staff
0;anyway i do not think i will go back there;anyway think go back
1;point your finger at any item on the menu order it and you won t be disappointed;point finger item menu order disappointed
1;oh this is such a thing of beauty this restaurant;oh thing beauty restaurant
1;if you haven t gone here go now;gone go
0;a greasy unhealthy meal;greasy unhealthy meal
0;first time there and might just be the last;first time might last
1;those burgers were amazing;burgers amazing
0;similarly the delivery man did not say a word of apology when our food was minutes late;similarly delivery man say word apology food minutes late
0;and it was way to expensive;way expensive
1;be sure to order dessert even if you need to pack it to go the tiramisu and cannoli are both to die for;sure order dessert even need pack go tiramisu cannoli die
1;this was my first time and i can t wait until the next;first time wait next
1;the bartender was also nice;bartender also nice
1;everything was good and tasty;everything good tasty
1;this place is two thumbs up way up;place two thumbs way
1;the best place in vegas for breakfast just check out a sat or sun;best place vegas breakfast check sat sun
1;if you love authentic mexican food and want a whole bunch of interesting yet delicious meats to choose from you need to try this place;love authentic mexican food want whole bunch interesting yet delicious meats choose need try place
0;terrible management;terrible management
1;an excellent new restaurant by an experienced frenchman;excellent new restaurant experienced frenchman
0;if there were zero stars i would give it zero stars;zero stars would give zero stars
1;great steak great sides great wine amazing desserts;great steak great sides great wine amazing desserts
0;worst martini ever;worst martini ever
1;the steak and the shrimp are in my opinion the best entrees at gc;steak shrimp opinion best entrees gc
1;i had the opportunity today to sample your amazing pizzas;opportunity today sample amazing pizzas
0;we waited for thirty minutes to be seated although there were vacant tables and we were the only folks waiting;waited thirty minutes seated although vacant tables folks waiting
1;the yellowtail carpaccio was melt in your mouth fresh;yellowtail carpaccio melt mouth fresh
0;i won t try going back there even if it s empty;try going back even empty
0;no i m going to eat the potato that i found some strangers hair in it;going eat potato found strangers hair
1;just spicy enough perfect actually;spicy enough perfect actually
1;last night was my second time dining here and i was so happy i decided to go back;last night second time dining happy decided go back
0;not even a hello we will be right with you;even hello right
0;the desserts were a bit strange;desserts bit strange
1;my boyfriend and i came here for the first time on a recent trip to vegas and could not have been more pleased with the quality of food and service;boyfriend came first time recent trip vegas could pleased quality food service
1;i really do recommend this place you can go wrong with this donut place;really recommend place go wrong donut place
1;nice ambiance;nice ambiance
1;i would recommend saving room for this;would recommend saving room
0;i guess maybe we went on an off night but it was disgraceful;guess maybe went night disgraceful
0;however my recent experience at this particular location was not so good;however recent experience particular location good
0;i know this is not like the other restaurants at all something is very off here;know like restaurants something
0;avoid this establishment;avoid establishment
0;i think this restaurant suffers from not trying hard enough;think restaurant suffers trying hard enough
1;all of the tapas dishes were delicious;tapas dishes delicious
1;i heart this place;heart place
0;my salad had a bland vinegrette on the baby greens and hearts of palm;salad bland vinegrette baby greens hearts palm
0;after two i felt disgusting;two felt disgusting
1;a good time;good time
1;i believe that this place is a great stop for those with a huge belly and hankering for sushi;believe place great stop huge belly hankering sushi
1;generous portions and great taste;generous portions great taste
0;i will never go back to this place and will never ever recommended this place to anyone;never go back place never ever recommended place anyone
0;the servers went back and forth several times not even so much as an are you being helped;servers went back forth several times even much helped
1;food was delicious;food delicious
0;an hour seriously;hour seriously
0;i consider this theft;consider theft
0;eew this location needs a complete overhaul;eew location needs complete overhaul
0;we recently witnessed her poor quality of management towards other guests as well;recently witnessed poor quality management towards guests well
0;waited and waited and waited;waited waited waited
1;he also came back to check on us regularly excellent service;also came back check us regularly excellent service
1;our server was super nice and checked on us many times;server super nice checked us many times
0;the pizza tasted old super chewy in not a good way;pizza tasted old super chewy good way
0;i swung in to give them a try but was deeply disappointed;swung give try deeply disappointed
1;service was good and the company was better;service good company better
1;the staff are also very friendly and efficient;staff also friendly efficient
1;as for the service i m a fan because it s quick and you re being served by some nice folks;service fan quick served nice folks
0;boy was that sucker dry;boy sucker dry
0;over rated;rated
0;if you look for authentic thai food go else where;look authentic thai food go else
1;their steaks are recommended;steaks recommended
0;after i pulled up my car i waited for another minutes before being acknowledged;pulled car waited another minutes acknowledged
1;great food and great service in a clean and friendly setting;great food great service clean friendly setting
1;all in all i can assure you i ll be back;assure back
0;i hate those things as much as cheap quality black olives;hate things much cheap quality black olives
1;my breakfast was perpared great with a beautiful presentation of giant slices of toast lightly dusted with powdered sugar;breakfast perpared great beautiful presentation giant slices toast lightly dusted powdered sugar
0;the kids play area is nasty;kids play area nasty
1;great place fo take out or eat in;great place fo take eat
1;the waitress was friendly and happy to accomodate for vegan veggie options;waitress friendly happy accomodate vegan veggie options
1;omg i felt like i had never eaten thai food until this dish;omg felt like never eaten thai food dish
0;it was extremely crumby and pretty tasteless;extremely crumby pretty tasteless
0;it was a pale color instead of nice and char and has no flavor;pale color instead nice char flavor
1;the croutons also taste homemade which is an extra plus;croutons also taste homemade extra plus
0;i got home to see the driest damn wings ever;got home see driest damn wings ever
1;it ll be a regular stop on my trips to phoenix;regular stop trips phoenix
1;i really enjoyed crema caf before they expanded i even told friends they had the best breakfast;really enjoyed crema caf expanded even told friends best breakfast
0;not good for the money;good money
1;i miss it and wish they had one in philadelphia;miss wish one philadelphia
0;we got sitting fairly fast but ended up waiting minutes just to place our order another minutes before the food arrived;got sitting fairly fast ended waiting minutes place order another minutes food arrived
1;they also have the best cheese crisp in town;also best cheese crisp town
1;good value great food great service;good value great food great service
1;couldn t ask for a more satisfying meal;ask satisfying meal
1;the food is good;food good
1;it was awesome;awesome
0;i just wanted to leave;wanted leave
1;we made the drive all the way from north scottsdale and i was not one bit disappointed;made drive way north scottsdale one bit disappointed
0;i will not be eating there again;eating
0;the owners really really need to quit being soooooo cheap let them wrap my freaking sandwich in two papers not one;owners really really need quit soooooo cheap let wrap freaking sandwich two papers one
0;i checked out this place a couple years ago and was not impressed;checked place couple years ago impressed
0;the chicken i got was definitely reheated and was only ok the wedges were cold and soggy;chicken got definitely reheated ok wedges cold soggy
0;sorry i will not be getting food from here anytime soon;sorry getting food anytime soon
1;an absolute must visit;absolute must visit
1;the cow tongue and cheek tacos are amazing;cow tongue cheek tacos amazing
0;my friend did not like his bloody mary;friend like bloody mary
0;despite how hard i rate businesses its actually rare for me to give a star;despite hard rate businesses actually rare give star
1;they really want to make your experience a good one;really want make experience good one
0;i will not return;return
0;i had the chicken pho and it tasted very bland;chicken pho tasted bland
0;very disappointing;disappointing
1;the grilled chicken was so tender and yellow from the saffron seasoning;grilled chicken tender yellow saffron seasoning
0;a drive thru means you do not want to wait around for half an hour for your food but somehow when we end up going here they make us wait and wait;drive thru means want wait around half hour food somehow end going make us wait wait
1;pretty awesome place;pretty awesome place
1;ambience is perfect;ambience perfect
0;best of luck to the rude and non customer service focused new management;best luck rude non customer service focused new management
0;any grandmother can make a roasted chicken better than this one;grandmother make roasted chicken better one
0;i asked multiple times for the wine list and after some time of being ignored i went to the hostess and got one myself;asked multiple times wine list time ignored went hostess got one
1;the staff is always super friendly and helpful which is especially cool when you bring two small boys and a baby;staff always super friendly helpful especially cool bring two small boys baby
1;four stars for the food the guy in the blue shirt for his great vibe still letting us in to eat;four stars food guy blue shirt great vibe still letting us eat
1;the roast beef sandwich tasted really good;roast beef sandwich tasted really good
0;same evening him and i are both drastically sick;evening drastically sick
1;high quality chicken on the chicken caesar salad;high quality chicken chicken caesar salad
0;ordered burger rare came in we ll done;ordered burger rare came done
1;we were promptly greeted and seated;promptly greeted seated
0;tried to go here for lunch and it was a madhouse;tried go lunch madhouse
1;i was proven dead wrong by this sushi bar not only because the quality is great but the service is fast and the food impeccable;proven dead wrong sushi bar quality great service fast food impeccable
0;after waiting an hour and being seated i was not in the greatest of moods;waiting hour seated greatest moods
1;this is a good joint;good joint
1;the macarons here are insanely good;macarons insanely good
0;i m not eating here;eating
1;our waiter was very attentive friendly and informative;waiter attentive friendly informative
0;maybe if they weren t cold they would have been somewhat edible;maybe cold would somewhat edible
0;this place has a lot of promise but fails to deliver;place lot promise fails deliver
0;very bad experience;bad experience
0;what a mistake;mistake
0;food was average at best;food average best
1;great food;great food
0;we won t be going back anytime soon;going back anytime soon
0;very very disappointed ordered the big bay plater;disappointed ordered big bay plater
1;great place to relax and have an awesome burger and beer;great place relax awesome burger beer
1;it is perfect for a sit down family meal or get together with a few friends;perfect sit family meal get together friends
0;not much flavor to them and very poorly constructed;much flavor poorly constructed
1;the patio seating was very comfortable;patio seating comfortable
0;the fried rice was dry as well;fried rice dry well
1;hands down my favorite italian restaurant;hands favorite italian restaurant
1;that just screams legit in my book somethat s also pretty rare here in vegas;screams legit book somethat also pretty rare vegas
1;it was just not a fun experience;fun experience
1;the atmosphere was great with a lovely duo of violinists playing songs we requested;atmosphere great lovely duo violinists playing songs requested
1;i personally love the hummus pita baklava falafels and baba ganoush it s amazing what they do with eggplant;personally love hummus pita baklava falafels baba ganoush amazing eggplant
1;very convenient since we were staying at the mgm;convenient since staying mgm
1;the owners are super friendly and the staff is courteous;owners super friendly staff courteous
1;both great;great
1;eclectic selection;eclectic selection
1;the sweet potato tots were good but the onion rings were perfection or as close as i have had;sweet potato tots good onion rings perfection close
1;the staff was very attentive;staff attentive
1;and the chef was generous with his time even came around twice so we can take pictures with him;chef generous time even came around twice take pictures
1;the owner used to work at nobu so this place is really similar for half the price;owner used work nobu place really similar half price
0;google mediocre and i imagine smashburger will pop up;google mediocre imagine smashburger pop
0;dont go here;dont go
1;i promise they won t disappoint;promise disappoint
0;as a sushi lover avoid this place by all means;sushi lover avoid place means
1;what a great double cheeseburger;great double cheeseburger
1;awesome service and food;awesome service food
1;a fantastic neighborhood gem;fantastic neighborhood gem
1;i can t wait to go back;wait go back
0;the plantains were the worst i ve ever tasted;plantains worst ever tasted
1;it s a great place and i highly recommend it;great place highly recommend
0;service was slow and not attentive;service slow attentive
1;i gave it stars then and i m giving it stars now;gave stars giving stars
0;your staff spends more time talking to themselves than me;staff spends time talking
1;dessert panna cotta was amazing;dessert panna cotta amazing
1;very good food great atmosphere;good food great atmosphere
1;damn good steak;damn good steak
0;total brunch fail;total brunch fail
1;prices are very reasonable flavors are spot on the sauce is home made and the slaw is not drenched in mayo;prices reasonable flavors spot sauce home made slaw drenched mayo
1;the decor is nice and the piano music soundtrack is pleasant;decor nice piano music soundtrack pleasant
1;the steak was amazing rge fillet relleno was the best seafood plate i have ever had;steak amazing rge fillet relleno best seafood plate ever
1;good food good service;good food good service
1;it was absolutely amazing;absolutely amazing
0;i probably won t be back to be honest;probably back honest
1;will definitely be back;definitely back
1;the sergeant pepper beef sandwich with auju sauce is an excellent sandwich as well;sergeant pepper beef sandwich auju sauce excellent sandwich well
1;hawaiian breeze mango magic and pineapple delight are the smoothies that i ve tried so far and they re all good;hawaiian breeze mango magic pineapple delight smoothies tried far good
0;went for lunch service was slow;went lunch service slow
0;we had so much to say about the place before we walked in that he expected it to be amazing but was quickly disappointed;much say place walked expected amazing quickly disappointed
0;i was mortified;mortified
0;needless to say we will never be back here again;needless say never back
0;anyways the food was definitely not filling at all and for the price you pay you should expect more;anyways food definitely filling price pay expect
0;the chips that came out were dripping with grease and mostly not edible;chips came dripping grease mostly edible
0;i wasn t really impressed with strip steak;really impressed strip steak
1;have been going since and every meal has been awesome;going since every meal awesome
1;our server was very nice and attentive as were the other serving staff;server nice attentive serving staff
1;the cashier was friendly and even brought the food out to me;cashier friendly even brought food
0;i work in the hospitality industry in paradise valley and have refrained from recommending cibo any longer;work hospitality industry paradise valley refrained recommending cibo longer
1;the atmosphere here is fun;atmosphere fun
0;would not recommend to others;would recommend others
1;service is quick and even to go orders are just like we like it;service quick even go orders like like
0;i mean really how do you get so famous for your fish and chips when it s so terrible;mean really get famous fish chips terrible
1;that said our mouths and bellies were still quite pleased;said mouths bellies still quite pleased
0;not my thing;thing
1;thumbs up;thumbs
0;if you are reading this please don t go there;reading please go
1;i loved the grilled pizza reminded me of legit italian pizza;loved grilled pizza reminded legit italian pizza
1;only pros large seating area nice bar area great simple drink menu the best brick oven pizza with homemade dough;pros large seating area nice bar area great simple drink menu best brick oven pizza homemade dough
1;they have a really nice atmosphere;really nice atmosphere
0;tonight i had the elk filet special and it sucked;tonight elk filet special sucked
1;after one bite i was hooked;one bite hooked
0;we ordered some old classics and some new dishes after going there a few times and were sorely disappointed with everything;ordered old classics new dishes going times sorely disappointed everything
1;cute quaint simple honest;cute quaint simple honest
1;the chicken was deliciously seasoned and had the perfect fry on the outside and moist chicken on the inside;chicken deliciously seasoned perfect fry outside moist chicken inside
1;the food was great as always compliments to the chef;food great always compliments chef
1;special thanks to dylan t for the recommendation on what to order all yummy for my tummy;special thanks dylan recommendation order yummy tummy
1;awesome selection of beer;awesome selection beer
1;great food and awesome service;great food awesome service
1;one nice thing was that they added gratuity on the bill since our party was larger than or and they didn t expect more tip than that;one nice thing added gratuity bill since party larger expect tip
0;a fly was in my apple juice a fly;fly apple juice fly
1;the han nan chicken was also very tasty;han nan chicken also tasty
1;as for the service i thought it was good;service thought good
0;the food was barely lukewarm so it must have been sitting waiting for the server to bring it out to us;food barely lukewarm must sitting waiting server bring us
0;ryan s bar is definitely one edinburgh establishment i won t be revisiting;ryan bar definitely one edinburgh establishment revisiting
1;nicest chinese restaurant i ve been in a while;nicest chinese restaurant
1;overall i like there food and the service;overall like food service
1;they also now serve indian naan bread with hummus and some spicy pine nut sauce that was out of this world;also serve indian naan bread hummus spicy pine nut sauce world
0;probably never coming back and wouldn t recommend it;probably never coming back recommend
0;friend s pasta also bad he barely touched it;friend pasta also bad barely touched
1;try them in the airport to experience some tasty food and speedy friendly service;try airport experience tasty food speedy friendly service
1;i love the decor with the chinese calligraphy wall paper;love decor chinese calligraphy wall paper
1;never had anything to complain about here;never anything complain
1;the restaurant is very clean and has a family restaurant feel to it;restaurant clean family restaurant feel
0;it was way over fried;way fried
0;i m not sure how long we stood there but it was long enough for me to begin to feel awkwardly out of place;sure long stood long enough begin feel awkwardly place
0;when i opened the sandwich i was impressed but not in a good way;opened sandwich impressed good way
0;will not be back;back
1;there was a warm feeling with the service and i felt like their guest for a special treat;warm feeling service felt like guest special treat
1;an extensive menu provides lots of options for breakfast;extensive menu provides lots options breakfast
1;i always order from the vegetarian menu during dinner which has a wide array of options to choose from;always order vegetarian menu dinner wide array options choose
0;i have watched their prices inflate portions get smaller and management attitudes grow rapidly;watched prices inflate portions get smaller management attitudes grow rapidly
1;wonderful lil tapas and the ambience made me feel all warm and fuzzy inside;wonderful lil tapas ambience made feel warm fuzzy inside
1;i got to enjoy the seafood salad with a fabulous vinegrette;got enjoy seafood salad fabulous vinegrette
1;the wontons were thin not thick and chewy almost melt in your mouth;wontons thin thick chewy almost melt mouth
1;level spicy was perfect where spice didn t over whelm the soup;level spicy perfect spice whelm soup
1;we were sat right on time and our server from the get go was fantastic;sat right time server get go fantastic
0;main thing i didn t enjoy is that the crowd is of older crowd around mid s and up;main thing enjoy crowd older crowd around mid
1;when i m on this side of town this will definitely be a spot i ll hit up again;side town definitely spot hit
0;i had to wait over minutes to get my drink and longer to get arepas;wait minutes get drink longer get arepas
1;this is a great place to eat;great place eat
1;the jalapeno bacon is soooo good;jalapeno bacon soooo good
0;the service was poor and thats being nice;service poor thats nice
1;food was good service was good prices were good;food good service good prices good
0;the place was not clean and the food oh so stale;place clean food oh stale
0;the chicken dishes are ok the beef is like shoe leather;chicken dishes ok beef like shoe leather
0;but the service was beyond bad;service beyond bad
1;i m so happy to be here;happy
0;tasted like dirt;tasted like dirt
1;one of the few places in phoenix that i would definately go back to again;one places phoenix would definately go back
1;the block was amazing;block amazing
1;it s close to my house it s low key non fancy affordable prices good food;close house low key non fancy affordable prices good food
1;both the hot sour the egg flower soups were absolutely stars;hot sour egg flower soups absolutely stars
0;my sashimi was poor quality being soggy and tasteless;sashimi poor quality soggy tasteless
1;great time family dinner on a sunday night;great time family dinner sunday night
0;the food is not tasty at all not to say its real traditional hunan style;food tasty say real traditional hunan style
0;what did bother me was the slow service;bother slow service
1;the flair bartenders are absolutely amazing;flair bartenders absolutely amazing
0;their frozen margaritas are way too sugary for my taste;frozen margaritas way sugary taste
1;these were so good we ordered them twice;good ordered twice
0;so in a nutshell the restaraunt smells like a combination of a dirty fish market and a sewer;nutshell restaraunt smells like combination dirty fish market sewer
0;my girlfriend s veal was very bad;girlfriend veal bad
0;unfortunately it was not good;unfortunately good
1;i had a pretty satifying experience;pretty satifying experience
1;join the club and get awesome offers via email;join club get awesome offers via email
1;perfect for someone me who only likes beer ice cold or in this case even colder;perfect someone likes beer ice cold case even colder
0;bland and flavorless is a good way of describing the barely tepid meat;bland flavorless good way describing barely tepid meat
0;the chains which i m no fan of beat this place easily;chains fan beat place easily
1;the nachos are a must have;nachos must
0;we will not be coming back;coming back
1;i don t have very many words to say about this place but it does everything pretty well;many words say place everything pretty well
1;the staff is super nice and very quick even with the crazy crowds of the downtown juries lawyers and court staff;staff super nice quick even crazy crowds downtown juries lawyers court staff
1;great atmosphere friendly and fast service;great atmosphere friendly fast service
1;when i received my pita it was huge it did have a lot of meat in it so thumbs up there;received pita huge lot meat thumbs
0;once your food arrives it s meh;food arrives meh
0;paying for a hot dog and fries that looks like it came out of a kid s meal at the wienerschnitzel is not my idea of a good meal;paying hot dog fries looks like came kid meal wienerschnitzel idea good meal
1;the classic maine lobster roll was fantastic;classic maine lobster roll fantastic
0;my brother in law who works at the mall ate here same day and guess what he was sick all night too;brother law works mall ate day guess sick night
1;so good i am going to have to review this place twice once hereas a tribute to the place and once as a tribute to an event held here last night;good going review place twice hereas tribute place tribute event held last night
1;the chips and salsa were really good the salsa was very fresh;chips salsa really good salsa fresh
1;this place is great;place great
0;mediocre food;mediocre food
1;once you get inside you ll be impressed with the place;get inside impressed place
0;i m super pissd;super pissd
1;and service was super friendly;service super friendly
0;why are these sad little vegetables so overcooked;sad little vegetables overcooked
1;this place was such a nice surprise;place nice surprise
1;they were golden crispy and delicious;golden crispy delicious
0;i had high hopes for this place since the burgers are cooked over a charcoal grill but unfortunately the taste fell flat way flat;high hopes place since burgers cooked charcoal grill unfortunately taste fell flat way flat
1;i could eat their bruschetta all day it is devine;could eat bruschetta day devine
0;not a single employee came out to see if we were ok or even needed a water refill once they finally served us our food;single employee came see ok even needed water refill finally served us food
1;lastly the mozzarella sticks they were the best thing we ordered;lastly mozzarella sticks best thing ordered
1;the first time i ever came here i had an amazing experience i still tell people how awesome the duck was;first time ever came amazing experience still tell people awesome duck
0;the server was very negligent of our needs and made us feel very unwelcome i would not suggest this place;server negligent needs made us feel unwelcome would suggest place
0;the service was terrible though;service terrible though
0;this place is overpriced not consistent with their boba and it really is overpriced;place overpriced consistent boba really overpriced
0;it was packed;packed
1;i can say that the desserts were yummy;say desserts yummy
1;the seasonal fruit was fresh white peach puree;seasonal fruit fresh white peach puree
0;it kept getting worse and worse so now i m officially done;kept getting worse worse officially done
0;this place should honestly be blown up;place honestly blown
0;but i definitely would not eat here again;definitely would eat
0;do not waste your money here;waste money
1;i love that they put their food in nice plastic containers as opposed to cramming it in little paper takeout boxes;love put food nice plastic containers opposed cramming little paper takeout boxes
1;the cr pe was delicate and thin and moist;cr pe delicate thin moist
0;awful service;awful service
0;won t ever go here again;ever go
0;food quality has been horrible;food quality horrible
0;for that price i can think of a few place i would have much rather gone;price think place would much rather gone
0;the service here is fair at best;service fair best
0;i do love sushi but i found kabuki to be over priced over hip and under services;love sushi found kabuki priced hip services
0;do yourself a favor and stay away from this dish;favor stay away dish
0;very poor service;poor service
0;no one at the table thought the food was above average or worth the wait that we had for it;one table thought food average worth wait
1;best service and food ever maria our server was so good and friendly she made our day;best service food ever maria server good friendly made day
1;they were excellent;excellent
0;i paid the bill but did not tip because i felt the server did a terrible job;paid bill tip felt server terrible job
1;just had lunch here and had a great experience;lunch great experience
0;i have never had such bland food which surprised me considering the article we read focused so much on their spices and flavor;never bland food surprised considering article read focused much spices flavor
0;food is way overpriced and portions are fucking small;food way overpriced portions fucking small
1;i recently tried caballero s and i have been back every week since;recently tried caballero back every week since
0;for bucks a head i really expect better food;bucks head really expect better food
1;the food came out at a good pace;food came good pace
1;i ate there twice on my last visit and especially enjoyed the salmon salad;ate twice last visit especially enjoyed salmon salad
0;we could not believe how dirty the oysters were;could believe dirty oysters
0;this place deserves no stars;place deserves stars
1;in fact i m going to round up to stars just because she was so awesome;fact going round stars awesome
0;to my disbelief each dish qualified as the worst version of these foods i have ever tasted;disbelief dish qualified worst version foods ever tasted
0;bad day or not i have a very low tolerance for rude customer service people it is your job to be nice and polite wash dishes otherwise;bad day low tolerance rude customer service people job nice polite wash dishes otherwise
1;the potatoes were great and so was the biscuit;potatoes great biscuit
0;i probably would not go here again;probably would go
1;so flavorful and has just the perfect amount of heat;flavorful perfect amount heat
1;the price is reasonable and the service is great;price reasonable service great
0;the wife hated her meal coconut shrimp and our friends really did not enjoy their meals either;wife hated meal coconut shrimp friends really enjoy meals either
0;my fella got the huevos rancheros and they didn t look too appealing;fella got huevos rancheros look appealing
1;went in for happy hour great list of wines;went happy hour great list wines
1;some may say this buffet is pricey but i think you get what you pay for and this place you are getting quite a lot;may say buffet pricey think get pay place getting quite lot
0;i probably won t be coming back here;probably coming back
0;worst food service i ve had in a while;worst food service
1;this place is pretty good nice little vibe in the restaurant;place pretty good nice little vibe restaurant
1;talk about great customer service of course we will be back;talk great customer service course back
0;hot dishes are not hot cold dishes are close to room temp i watched staff prepare food with bare hands no gloves everything is deep fried in oil;hot dishes hot cold dishes close room temp watched staff prepare food bare hands gloves everything deep fried oil
1;i love their fries and their beans;love fries beans
1;always a pleasure dealing with him;always pleasure dealing
1;they have a plethora of salads and sandwiches and everything i ve tried gets my seal of approval;plethora salads sandwiches everything tried gets seal approval
1;this place is awesome if you want something light and healthy during the summer;place awesome want something light healthy summer
1;for sushi on the strip this is the place to go;sushi strip place go
1;the service was great even the manager came and helped with our table;service great even manager came helped table
0;the feel of the dining room was more college cooking course than high class dining and the service was slow at best;feel dining room college cooking course high class dining service slow best
0;i started this review with two stars but i m editing it to give it only one;started review two stars editing give one
0;this is the worst sushi i have ever eat besides costco s;worst sushi ever eat besides costco
1;all in all an excellent restaurant highlighted by great service a unique menu and a beautiful setting;excellent restaurant highlighted great service unique menu beautiful setting
1;my boyfriend and i sat at the bar and had a completely delightful experience;boyfriend sat bar completely delightful experience
0;weird vibe from owners;weird vibe owners
0;there was hardly any meat;hardly meat
0;i ve had better bagels from the grocery store;better bagels grocery store
1;go to place for gyros;go place gyros
1;i love the owner chef his one authentic japanese cool dude;love owner chef one authentic japanese cool dude
0;now the burgers aren t as good the pizza which used to be amazing is doughy and flavorless;burgers good pizza used amazing doughy flavorless
0;i found a six inch long piece of wire in my salsa;found six inch long piece wire salsa
0;the service was terrible food was mediocre;service terrible food mediocre
1;we definately enjoyed ourselves;definately enjoyed
0;i ordered albondigas soup which was just warm and tasted like tomato soup with frozen meatballs;ordered albondigas soup warm tasted like tomato soup frozen meatballs
0;on three different occasions i asked for well done or medium well and all three times i got the bloodiest piece of meat on my plate;three different occasions asked well done medium well three times got bloodiest piece meat plate
0;i had about two bites and refused to eat anymore;two bites refused eat anymore
0;the service was extremely slow;service extremely slow
0;after minutes wait i got a table;minutes wait got table
1;seriously killer hot chai latte;seriously killer hot chai latte
0;no allergy warnings on the menu and the waitress had absolutely no clue as to which meals did or did not contain peanuts;allergy warnings menu waitress absolutely clue meals contain peanuts
1;my boyfriend tried the mediterranean chicken salad and fell in love;boyfriend tried mediterranean chicken salad fell love
1;their rotating beers on tap is also a highlight of this place;rotating beers tap also highlight place
0;pricing is a bit of a concern at mellow mushroom;pricing bit concern mellow mushroom
0;worst thai ever;worst thai ever
1;if you stay in vegas you must get breakfast here at least once;stay vegas must get breakfast least
1;i want to first say our server was great and we had perfect service;want first say server great perfect service
1;the pizza selections are good;pizza selections good
1;i had strawberry tea which was good;strawberry tea good
0;highly unprofessional and rude to a loyal patron;highly unprofessional rude loyal patron
1;overall a great experience;overall great experience
0;spend your money elsewhere;spend money elsewhere
1;their regular toasted bread was equally satisfying with the occasional pats of butter mmmm;regular toasted bread equally satisfying occasional pats butter mmmm
0;the buffet at bellagio was far from what i anticipated;buffet bellagio far anticipated
0;and the drinks are weak people;drinks weak people
0;my order was not correct;order correct
0;also i feel like the chips are bought not made in house;also feel like chips bought made house
0;after the disappointing dinner we went elsewhere for dessert;disappointing dinner went elsewhere dessert
1;the chips and sals a here is amazing;chips sals amazing
0;we won t be returning;returning
1;this is my new fav vegas buffet spot;new fav vegas buffet spot
0;i seriously cannot believe that the owner has so many unexperienced employees that all are running around like chickens with their heads cut off;seriously believe owner many unexperienced employees running around like chickens heads cut
0;very very sad;sad
0;i felt insulted and disrespected how could you talk and judge another human being like that;felt insulted disrespected could talk judge another human like
0;how can you call yourself a steakhouse if you can t properly cook a steak i don t understand;call steakhouse properly cook steak understand
0;i m not impressed with the concept or the food;impressed concept food
0;the only thing i wasn t too crazy about was their guacamole as i don t like it pur ed;thing crazy guacamole like pur ed
0;there is really nothing for me at postinos hope your experience is better;really nothing postinos hope experience better
0;i got food poisoning here at the buffet;got food poisoning buffet
0;they brought a fresh batch of fries and i was thinking yay something warm but no;brought fresh batch fries thinking yay something warm
0;what should have been a hilarious yummy christmas eve dinner to remember was the biggest fail of the entire trip for us;hilarious yummy christmas eve dinner remember biggest fail entire trip us
0;needless to say i won t be going back anytime soon;needless say going back anytime soon
0;this place is disgusting;place disgusting
1;every time i eat here i see caring teamwork to a professional degree;every time eat see caring teamwork professional degree
0;the ri style calamari was a joke;ri style calamari joke
0;however there was so much garlic in the fondue it was barely edible;however much garlic fondue barely edible
0;i could barely stomach the meal but didn t complain because it was a business lunch;could barely stomach meal complain business lunch
0;it was so bad i had lost the heart to finish it;bad lost heart finish
0;it also took her forever to bring us the check when we asked for it;also took forever bring us check asked
0;we aren t ones to make a scene at restaurants but i just don t get it definitely lost the love after this one;ones make scene restaurants get definitely lost love one
0;disappointing experience;disappointing experience
0;the food is about on par with denny s which is to say not good at all;food par denny say good
0;if you want to wait for mediocre food and downright terrible service then this is the place for you;want wait mediocre food downright terrible service place
0;waaaaaayyyyyyyyyy over rated is all i am saying;waaaaaayyyyyyyyyy rated saying
0;we won t be going back;going back
0;the place was fairly clean but the food simply wasn t worth it;place fairly clean food simply worth
0;this place lacked style;place lacked style
0;the sangria was about half of a glass wine full and was ridiculous;sangria half glass wine full ridiculous
0;don t bother coming here;bother coming
0;the meat was pretty dry i had the sliced brisket and pulled pork;meat pretty dry sliced brisket pulled pork
0;the building itself seems pretty neat the bathroom is pretty trippy but i wouldn t eat here again;building seems pretty neat bathroom pretty trippy eat
0;it was equally awful;equally awful
0;probably not in a hurry to go back;probably hurry go back
0;very slow at seating even with reservation;slow seating even reservation
0;not good by any stretch of the imagination;good stretch imagination
0;the cashew cream sauce was bland and the vegetables were undercooked;cashew cream sauce bland vegetables undercooked
0;the chipolte ranch dipping sause was tasteless seemed thin and watered down with no heat;chipolte ranch dipping sause tasteless seemed thin watered heat
0;it was a bit too sweet not really spicy enough and lacked flavor;bit sweet really spicy enough lacked flavor
0;i was very disappointed;disappointed
0;this place is horrible and way overpriced;place horrible way overpriced
0;maybe it s just their vegetarian fare but i ve been twice and i thought it was average at best;maybe vegetarian fare twice thought average best
0;it wasn t busy at all and now we know why;busy know
0;the tables outside are also dirty a lot of the time and the workers are not always friendly and helpful with the menu;tables outside also dirty lot time workers always friendly helpful menu
0;the ambiance here did not feel like a buffet setting but more of a douchey indoor garden for tea and biscuits;ambiance feel like buffet setting douchey indoor garden tea biscuits
0;con spotty service;con spotty service
0;the fries were not hot and neither was my burger;fries hot neither burger
0;but then they came back cold;came back cold
0;then our food came out disappointment ensued;food came disappointment ensued
0;the real disappointment was our waiter;real disappointment waiter
0;my husband said she was very rude did not even apologize for the bad food or anything;husband said rude even apologize bad food anything
0;the only reason to eat here would be to fill up before a night of binge drinking just to get some carbs in your stomach;reason eat would fill night binge drinking get carbs stomach
0;insults profound deuchebaggery and had to go outside for a smoke break while serving just to solidify it;insults profound deuchebaggery go outside smoke break serving solidify
0;if someone orders two tacos don t you think it may be part of customer service to ask if it is combo or ala cart;someone orders two tacos think may part customer service ask combo ala cart
0;she was quite disappointed although some blame needs to be placed at her door;quite disappointed although blame needs placed door
0;after all the rave reviews i couldn t wait to eat here what a disappointment;rave reviews wait eat disappointment
0;del taco is pretty nasty and should be avoided if possible;del taco pretty nasty avoided possible
0;it s not hard to make a decent hamburger;hard make decent hamburger
0;but i don t like it;like
0;hell no will i go back;hell go back
0;we ve have gotten a much better service from the pizza place next door than the services we received from this restaurant;gotten much better service pizza place next door services received restaurant
0;i don t know what the big deal is about this place but i won t be back ya all;know big deal place back ya
0;i immediately said i wanted to talk to the manager but i did not want to talk to the guy who was doing shots of fireball behind the bar;immediately said wanted talk manager want talk guy shots fireball behind bar
0;the ambiance isn t much better;ambiance much better
0;unfortunately it only set us up for disapppointment with our entrees;unfortunately set us disapppointment entrees
0;the food wasn t good;food good
0;your servers suck wait correction our server heimer sucked;servers suck wait correction server heimer sucked
0;what happened next was pretty off putting;happened next pretty putting
0;too bad cause i know it s family owned i really wanted to like this place;bad cause know family owned really wanted like place
0;overpriced for what you are getting;overpriced getting
0;i vomited in the bathroom mid lunch;vomited bathroom mid lunch
0;i kept looking at the time and it had soon become minutes yet still no food;kept looking time soon become minutes yet still food
0;i have been to very few places to eat that under no circumstances would i ever return to and this tops the list;places eat circumstances would ever return tops list
0;we started with the tuna sashimi which was brownish in color and obviously wasn t fresh;started tuna sashimi brownish color obviously fresh
0;food was below average;food average
0;it sure does beat the nachos at the movies but i would expect a little bit more coming from a restaurant;sure beat nachos movies would expect little bit coming restaurant
0;all in all ha long bay was a bit of a flop;ha long bay bit flop
0;the problem i have is that they charge for a sandwich that is no bigger than a subway sub which offers better and more amount of vegetables;problem charge sandwich bigger subway sub offers better amount vegetables
0;shrimp when i unwrapped it i live only a mile from brushfire it was literally ice cold;shrimp unwrapped live mile brushfire literally ice cold
0;it lacked flavor seemed undercooked and dry;lacked flavor seemed undercooked dry
0;it really is impressive that the place hasn t closed down;really impressive place closed
0;i would avoid this place if you are staying in the mirage;would avoid place staying mirage
0;the refried beans that came with my meal were dried out and crusty and the food was bland;refried beans came meal dried crusty food bland
0;spend your money and time some place else;spend money time place else
0;a lady at the table next to us found a live green caterpillar in her salad;lady table next us found live green caterpillar salad
0;the presentation of the food was awful;presentation food awful
0;i can t tell you how disappointed i was;tell disappointed
0;i think food should have flavor and texture and both were lacking;think food flavor texture lacking
0;appetite instantly gone;appetite instantly gone
0;overall i was not impressed and would not go back;overall impressed would go back
0;the whole experience was underwhelming and i think we ll just go to ninja sushi next time;whole experience underwhelming think go ninja sushi next time
0;then as if i hadn t wasted enough of my life there they poured salt in the wound by drawing out the time it took to bring the check;wasted enough life poured salt wound drawing time took bring check
